item_id,agreed_values,n_annotators
1,"[('Wechselkurse', (), 'Inflation')]",2
3,"[('Geldpolitik', (), 'Inflation')]",2
4,"[('Politisches Missmanagement', (), 'Inflation')]",2
5,"[('Hohe Energiepreise', (), 'Inflation')]",2
6,"[('Ökonomische Krise', (), 'Inflation'), ('Nachfrage (Rest)', (), 'Inflation'), ('Krieg', (), 'Inflation'), ('Löhne', (), 'Inflation'), ('Geopolitik', (), 'Inflation')]",2
7,"[('Klimawandel', (), 'Inflation'), ('Angebot (Rest)', (), 'Inflation'), ('Pandemie', (), 'Inflation'), ('Nachfrage (Rest)', (), 'Inflation'), ('Krieg', (), 'Lieferkettenprobleme')]",2
8,"[('Politisches Missmanagement', (), 'Inflation')]",2
9,"[('Krieg', (), 'Inflation')]",2
10,"[('Angebot (Rest)', (), 'Inflation'), ('Nachfrage (Rest)', (), 'Inflation'), ('Arbeitskräftemangel', (), 'Inflation')]",2
11,"[('Lieferkettenprobleme', (), 'Inflation'), ('Hohe Energiepreise', (), 'Lieferkettenprobleme')]",2
12,"[('Krieg', (), 'Inflation'), ('Angebot (Rest)', (), 'Inflation')]",2
13,"[('Hohe Energiepreise', (), 'Inflation')]",2
14,"[('Lebensmittelpreise', (), 'Inflation'), ('Krieg', (), 'Lieferkettenprobleme'), ('Krieg', (), 'Hohe Energiepreise'), ('Hohe Energiepreise', (), 'Inflation')]",2
15,"[('Hohe Energiepreise', (), 'Inflation'), ('Angebot (Rest)', (), 'Inflation')]",2
16,"[('Lieferkettenprobleme', (), 'Inflation'), ('Krieg', (), 'Angebot (Rest)'), ('Krieg', (), 'Lieferkettenprobleme'), ('Angebot (Rest)', (), 'Inflation')]",2
17,"[('Krieg', (), 'Inflation'), ('Klimawandel', (), 'Inflation'), ('Wohnraum', (), 'Inflation')]",2
18,"[('Pandemie', (), 'Inflation')]",2
19,"[('Pandemie', (), 'Inflation'), ('Krieg', (), 'Inflation'), ('Preistreiberei', (), 'Inflation'), ('Politisches Missmanagement', (), 'Inflation')]",2
20,"[('Politisches Missmanagement', (), 'Inflation'), ('Geldpolitik', (), 'Inflation'), ('Krieg', (), 'Inflation'), ('Angebot (Rest)', (), 'Inflation')]",2
22,"[('Ökonomische Krise', (), 'Inflation'), ('Nachfrage (Rest)', (), 'Inflation')]",2
23,"[('Inflation', (), 'Inflation')]",2
24,"[('Hohe Energiepreise', (), 'Inflation')]",2
25,"[('Angebot (Rest)', (), 'Inflation')]",2
26,"[('Geopolitik', (), 'Inflation')]",2
27,"[('Pandemie', (), 'Inflation')]",2
28,"[('Krieg', (), 'Inflation'), ('Hohe Energiepreise', (), 'Inflation')]",2
29,"[('Staatsausgaben', (), 'Inflation'), ('Angebot (Rest)', (), 'Inflation'), ('Inflationserwartungen', (), 'Inflation'), ('Hohe Energiepreise', (), 'Angebot (Rest)'), ('Pandemie', (), 'Lieferkettenprobleme'), ('Lebensmittelpreise', (), 'Inflation'), ('Lieferkettenprobleme', (), 'Inflation'), ('Geldpolitik', (), 'Inflation')]",2
30,"[('Steuererhöhungen', (), 'Inflation'), ('Krieg', (), 'Inflation'), ('Hohe Energiepreise', (), 'Inflation'), ('Politisches Missmanagement', (), 'Inflation')]",2
31,"[('Ökonomische Krise', (), 'Inflation'), ('Lieferkettenprobleme', (), 'Inflation')]",2
32,"[('Migration', (), 'Inflation'), ('Krieg', (), 'Inflation')]",2
33,"[('Hohe Energiepreise', (), 'Inflation'), ('Geopolitik', (), 'Inflation'), ('Krieg', (), 'Geopolitik')]",2
35,"[('Hohe Energiepreise', (), 'Inflation'), ('Angebot (Rest)', (), 'Inflation')]",2
37,"[('Pandemie', (), 'Inflation'), ('Migration', (), 'Inflation')]",2
38,"[('Hohe Energiepreise', (), 'Inflation'), ('Angebot (Rest)', (), 'Inflation')]",2
41,"[('Inflation', (), 'Inflation')]",2
42,"[('Krieg', (), 'Geopolitik')]",2
43,"[('Lebensmittelpreise', (), 'Inflation'), ('Inflation', (), 'Inflation'), ('Staatsausgaben', (), 'Inflation')]",2
44,"[('Angebot (Rest)', (), 'Inflation')]",2
45,"[('Migration', (), 'Inflation')]",2
46,"[('Pandemie', (), 'Inflation'), ('Krieg', (), 'Inflation')]",2
47,"[('Krieg', (), 'Ökonomische Krise'), ('Angebot (Rest)', (), 'Inflation')]",2
48,"[('Nachfrage (Rest)', (), 'Angebot (Rest)'), ('Angebot (Rest)', (), 'Inflation')]",2
49,"[('Pandemie', (), 'Lieferkettenprobleme'), ('Hohe Energiepreise', (), 'Inflation'), ('Krieg', (), 'Hohe Energiepreise'), ('Lieferkettenprobleme', (), 'Inflation'), ('Geopolitik', (), 'Hohe Energiepreise')]",2
51,"[('Pandemie', (), 'Inflation'), ('Löhne', (), 'Inflation'), ('Klimawandel', (), 'Inflation'), ('Hohe Energiepreise', (), 'Inflation')]",2
52,"[('Pandemie', (), 'Inflation'), ('Angebot (Rest)', (), 'Inflation')]",2
53,"[('Krieg', (), 'Inflation'), ('Geopolitik', (), 'Inflation')]",2
54,"[('Krieg', (), 'Inflation'), ('Hohe Energiepreise', (), 'Inflation'), ('Wohnraum', (), 'Inflation')]",2
57,"[('Lebensmittelpreise', (), 'Inflation'), ('Löhne', (), 'Inflation'), ('Hohe Energiepreise', (), 'Inflation')]",2
58,"[('Krieg', (), 'Inflation'), ('Klimawandel', (), 'Inflation')]",2
59,"[('Preistreiberei', (), 'Inflation'), ('Politisches Missmanagement', (), 'Inflation')]",2
60,"[('Lebensmittelpreise', (), 'Inflation'), ('Krieg', (), 'Inflation')]",2
62,"[('Steuererhöhungen', (), 'Inflation'), ('Krieg', (), 'Inflation')]",2
63,"[('Krieg', (), 'Inflation'), ('Politisches Missmanagement', (), 'Inflation')]",2
64,"[('Inflation', (), 'Inflation')]",2
65,"[('Krieg', (), 'Inflation')]",2
66,"[('Löhne', (), 'Inflation'), ('Angebot (Rest)', (), 'Inflation')]",2
67,"[('Politisches Missmanagement', (), 'Inflation')]",2
68,"[('Lebensmittelpreise', (), 'Inflation'), ('Wohnraum', (), 'Inflation')]",2
69,"[('Lieferkettenprobleme', (), 'Inflation'), ('Krieg', (), 'Inflation'), ('Klimawandel', (), 'Inflation'), ('Angebot (Rest)', (), 'Inflation')]",2
70,"[('Ökonomische Krise', (), 'Inflation'), ('Lieferkettenprobleme', (), 'Inflation'), ('Krieg', (), 'Lieferkettenprobleme')]",2
72,"[('Nachfrage (Rest)', (), 'Inflation'), ('Angebot (Rest)', (), 'Inflation')]",2
73,"[('Staatsausgaben', (), 'Inflation'), ('Angebot (Rest)', (), 'Inflation')]",2
74,"[('Politisches Missmanagement', (), 'Inflation')]",2
75,"[('Ökonomische Krise', (), 'Inflation')]",2
76,"[('Lebensmittelpreise', (), 'Inflation'), ('Krieg', (), 'Inflation'), ('Hohe Energiepreise', (), 'Inflation')]",2
77,"[('Hohe Staatsschulden', (), 'Inflation'), ('Angebot (Rest)', (), 'Inflation')]",2
80,"[('Preistreiberei', (), 'Inflation'), ('Angebot (Rest)', (), 'Inflation'), ('Krieg', (), 'Inflation'), ('Löhne', (), 'Inflation'), ('Hohe Energiepreise', (), 'Inflation'), ('Arbeitskräftemangel', (), 'Inflation')]",2
81,"[('Preistreiberei', (), 'Inflation')]",2
82,"[('Krieg', (), 'Inflation')]",2
83,"[('Krieg', (), 'Inflation'), ('Hohe Energiepreise', (), 'Inflation')]",2
84,"[('Krieg', (), 'Staatsausgaben')]",2
86,"[('Angebot (Rest)', (), 'Inflation')]",2
89,"[('Geopolitik', (), 'Inflation')]",2
90,"[('Steuererhöhungen', (), 'Inflation'), ('Löhne', (), 'Inflation')]",2
91,"[('Geopolitik', (), 'Inflation')]",2
92,"[('Löhne', (), 'Inflation'), ('Hohe Energiepreise', (), 'Inflation'), ('Angebot (Rest)', (), 'Inflation')]",2
93,"[('Krieg', (), 'Inflation'), ('Klimawandel', (), 'Inflation')]",2
94,"[('Klimawandel', (), 'Inflation'), ('Preistreiberei', (), 'Inflation'), ('Krieg', (), 'Inflation'), ('Hohe Energiepreise', (), 'Inflation'), ('Lieferkettenprobleme', (), 'Inflation')]",2
95,"[('Löhne', (), 'Inflation'), ('Politisches Missmanagement', (), 'Inflation'), ('Arbeitskräftemangel', (), 'Inflation')]",2
96,"[('Krieg', (), 'Inflation')]",2
97,"[('Pandemie', (), 'Inflation'), ('Krieg', (), 'Inflation'), ('Geopolitik', (), 'Inflation')]",2
98,"[('Lieferkettenprobleme', (), 'Inflation'), ('Krieg', (), 'Lieferkettenprobleme'), ('Geopolitik', (), 'Inflation')]",2
100,"[('Lebensmittelpreise', (), 'Inflation'), ('Krieg', (), 'Inflation'), ('Hohe Energiepreise', (), 'Inflation'), ('Wohnraum', (), 'Inflation')]",2
101,"[('Ökonomische Krise', (), 'Inflation'), ('Hohe Energiepreise', (), 'Inflation'), ('Krieg', (), 'Hohe Energiepreise')]",2
102,"[('Krieg', (), 'Lieferkettenprobleme')]",2
105,"[('Migration', (), 'Inflation'), ('Klimawandel', (), 'Inflation'), ('Politisches Missmanagement', (), 'Inflation'), ('Politisches Missmanagement', (), 'Hohe Energiepreise'), ('Hohe Energiepreise', (), 'Inflation')]",2
106,"[('Krieg', (), 'Migration'), ('Migration', (), 'Inflation'), ('Staatsausgaben', (), 'Inflation'), ('Krieg', (), 'Inflation'), ('Hohe Energiepreise', (), 'Inflation')]",2
107,"[('Politisches Missmanagement', (), 'Inflation')]",2
108,"[('Krieg', (), 'Staatsausgaben'), ('Staatsausgaben', (), 'Inflation')]",2
113,"[('Pandemie', (), 'Inflation'), ('Migration', (), 'Inflation'), ('Hohe Energiepreise', (), 'Inflation'), ('Krieg', (), 'Inflation')]",2
114,"[('Lebensmittelpreise', (), 'Inflation'), ('Hohe Energiepreise', (), 'Inflation')]",2
115,"[('Nachfrage (Rest)', (), 'Inflation')]",2
116,"[('Pandemie', (), 'Inflation')]",2
117,"[('Krieg', (), 'Inflation'), ('Hohe Energiepreise', (), 'Inflation'), ('Krieg', (), 'Hohe Energiepreise')]",2
118,"[('Krieg', (), 'Inflation'), ('Geopolitik', (), 'Inflation')]",2
119,"[('Ökonomische Krise', (), 'Inflation'), ('Krieg', (), 'Inflation'), ('Nachfrage (Rest)', (), 'Ökonomische Krise')]",2
120,"[('Pandemie', (), 'Inflation'), ('Politisches Missmanagement', (), 'Hohe Energiepreise'), ('Hohe Energiepreise', (), 'Inflation'), ('Krieg', (), 'Inflation')]",2
121,"[('Politisches Missmanagement', (), 'Inflation')]",2
122,"[('Lieferkettenprobleme', (), 'Inflation'), ('Geldpolitik', (), 'Inflation')]",2
123,"[('Hohe Energiepreise', (), 'Inflation')]",2
124,"[('Nachfrage (Rest)', (), 'Inflation'), ('Hohe Energiepreise', (), 'Inflation')]",2
125,"[('Pandemie', (), 'Inflation'), ('Krieg', (), 'Inflation'), ('Hohe Energiepreise', (), 'Inflation'), ('Lieferkettenprobleme', (), 'Inflation')]",2
126,"[('Inflation', (), 'Inflation')]",2
127,"[('Hohe Energiepreise', (), 'Inflation'), ('Politisches Missmanagement', (), 'Inflation')]",2
128,"[('Pandemie', (), 'Inflation')]",2
129,"[('Krieg', (), 'Inflation'), ('Politisches Missmanagement', (), 'Inflation')]",2
132,"[('Krieg', (), 'Inflation'), ('Geopolitik', (), 'Inflation')]",2
134,"[('Staatsausgaben', (), 'Inflation'), ('Geldpolitik', (), 'Inflation')]",2
135,"[('Nachfrage (Rest)', (), 'Inflation'), ('Angebot (Rest)', (), 'Inflation')]",2
136,"[('Lieferkettenprobleme', (), 'Inflation'), ('Politisches Missmanagement', (), 'Inflation')]",2
137,"[('Krieg', (), 'Inflation'), ('Hohe Energiepreise', (), 'Inflation'), ('Krieg', (), 'Hohe Energiepreise'), ('Arbeitskräftemangel', (), 'Inflation')]",2
140,"[('Hohe Energiepreise', (), 'Inflation'), ('Lieferkettenprobleme', (), 'Hohe Energiepreise'), ('Geopolitik', (), 'Inflation')]",2
141,"[('Krieg', (), 'Inflation')]",2
143,"[('Migration', (), 'Inflation'), ('Politisches Missmanagement', (), 'Inflation')]",2
144,"[('Pandemie', (), 'Inflation'), ('Krieg', (), 'Inflation')]",2
145,"[('Migration', (), 'Inflation'), ('Krieg', (), 'Hohe Staatsschulden'), ('Pandemie', (), 'Inflation'), ('Krieg', (), 'Inflation'), ('Hohe Staatsschulden', (), 'Inflation')]",2
146,"[('Krieg', (), 'Inflation'), ('Hohe Energiepreise', (), 'Inflation')]",2
147,"[('Politisches Missmanagement', (), 'Inflation')]",2
149,"[('Staatsausgaben', (), 'Inflation'), ('Politisches Missmanagement', (), 'Inflation')]",2
150,"[('Staatsausgaben', (), 'Inflation')]",2
152,"[('Hohe Energiepreise', (), 'Inflation'), ('Preistreiberei', (), 'Inflation')]",2
153,"[('Krieg', (), 'Inflation'), ('Hohe Energiepreise', (), 'Inflation')]",2
154,"[('Migration', (), 'Inflation')]",2
155,"[('Ökonomische Krise', (), 'Inflation'), ('Krieg', (), 'Inflation'), ('Hohe Energiepreise', (), 'Inflation')]",2
158,"[('Krieg', (), 'Inflation')]",2
161,"[('Krieg', (), 'Inflation')]",2
162,"[('Staatsausgaben', (), 'Inflation')]",2
164,"[('Steuererhöhungen', (), 'Inflation')]",2
165,"[('Hohe Energiepreise', (), 'Inflation'), ('Krieg', (), 'Hohe Energiepreise'), ('Geopolitik', (), 'Hohe Energiepreise')]",2
166,"[('Steuererhöhungen', (), 'Inflation')]",2
167,"[('Hohe Energiepreise', (), 'Inflation')]",2
168,"[('Hohe Energiepreise', (), 'Inflation')]",2
169,"[('Pandemie', (), 'Inflation'), ('Klimawandel', (), 'Inflation'), ('Geldpolitik', (), 'Inflation')]",2
171,"[('Pandemie', (), 'Inflation'), ('Hohe Energiepreise', (), 'Inflation'), ('Arbeitskräftemangel', (), 'Inflation')]",2
172,"[('Nachfrage (Rest)', (), 'Inflation')]",2
174,"[('Pandemie', (), 'Inflation'), ('Krieg', (), 'Inflation'), ('Staatsausgaben', (), 'Inflation')]",2
175,"[('Ökonomische Krise', (), 'Inflation'), ('Hohe Energiepreise', (), 'Inflation')]",2
177,"[('Politisches Missmanagement', (), 'Inflation')]",2
178,"[('Lebensmittelpreise', (), 'Inflation'), ('Wohnraum', (), 'Inflation')]",2
179,"[('Lebensmittelpreise', (), 'Inflation')]",2
180,"[('Pandemie', (), 'Inflation'), ('Krieg', (), 'Inflation'), ('Hohe Energiepreise', (), 'Inflation')]",2
181,"[('Nachfrage (Rest)', (), 'Inflation'), ('Krieg', (), 'Angebot (Rest)'), ('Angebot (Rest)', (), 'Inflation')]",2
182,"[('Pandemie', (), 'Inflation'), ('Geopolitik', (), 'Inflation'), ('Krieg', (), 'Geopolitik')]",2
183,"[('Nachfrage (Rest)', (), 'Inflation')]",2
184,"[('Ökonomische Krise', (), 'Inflation'), ('Krieg', (), 'Inflation')]",2
187,"[('Krieg', (), 'Inflation')]",2
188,"[('Krieg', (), 'Inflation')]",2
189,"[('Hohe Energiepreise', (), 'Inflation'), ('Staatsausgaben', (), 'Inflation'), ('Politisches Missmanagement', (), 'Inflation')]",2
190,"[('Politisches Missmanagement', (), 'Inflation')]",2
192,"[('Krieg', (), 'Inflation'), ('Hohe Energiepreise', (), 'Inflation'), ('Angebot (Rest)', (), 'Inflation')]",2
193,"[('Krieg', (), 'Inflation')]",2
194,"[('Steuererhöhungen', (), 'Inflation'), ('Hohe Energiepreise', (), 'Inflation'), ('Klimawandel', (), 'Inflation'), ('Krieg', (), 'Hohe Energiepreise')]",2
195,"[('Politisches Missmanagement', (), 'Inflation')]",2
196,"[('Steuererhöhungen', (), 'Inflation'), ('Hohe Energiepreise', (), 'Inflation')]",2
197,"[('Pandemie', (), 'Inflation'), ('Hohe Energiepreise', (), 'Inflation'), ('Geopolitik', (), 'Inflation'), ('Krieg', (), 'Hohe Energiepreise')]",2
198,"[('Krieg', (), 'Inflation'), ('Löhne', (), 'Inflation')]",2
199,"[('Politisches Missmanagement', (), 'Inflation')]",2
201,"[('Krieg', (), 'Inflation'), ('Hohe Energiepreise', (), 'Inflation'), ('Politisches Missmanagement', (), 'Inflation')]",2
202,"[('Ökonomische Krise', (), 'Inflation')]",2
203,"[('Ökonomische Krise', (), 'Inflation'), ('Politisches Missmanagement', (), 'Ökonomische Krise')]",2
204,"[('Pandemie', (), 'Inflation')]",2
205,"[('Hohe Energiepreise', (), 'Inflation'), ('Lieferkettenprobleme', (), 'Hohe Energiepreise'), ('Krieg', (), 'Geopolitik')]",2
206,"[('Pandemie', (), 'Inflation'), ('Krieg', (), 'Inflation')]",2
209,"[('Angebot (Rest)', (), 'Inflation')]",2
210,"[('Krieg', (), 'Inflation'), ('Klimawandel', (), 'Inflation')]",2
211,"[('Hohe Energiepreise', (), 'Inflation')]",2
212,"[('Geldpolitik', (), 'Inflation')]",2
215,"[('Ökonomische Krise', (), 'Inflation'), ('Angebot (Rest)', (), 'Inflation'), ('Migration', (), 'Inflation'), ('Politisches Missmanagement', (), 'Inflation')]",2
216,"[('Pandemie', (), 'Inflation'), ('Krieg', (), 'Inflation'), ('Hohe Energiepreise', (), 'Inflation'), ('Pandemie', (), 'Nachfrage (Rest)')]",2
217,"[('Pandemie', (), 'Angebot (Rest)'), ('Pandemie', (), 'Lieferkettenprobleme'), ('Angebot (Rest)', (), 'Inflation')]",2
218,"[('Löhne', (), 'Inflation'), ('Hohe Energiepreise', (), 'Inflation')]",2
219,"[('Krieg', (), 'Inflation'), ('Klimawandel', (), 'Angebot (Rest)'), ('Angebot (Rest)', (), 'Inflation')]",2
220,"[('Migration', (), 'Inflation')]",2
221,"[('Hohe Energiepreise', (), 'Inflation')]",2
222,"[('Hohe Energiepreise', (), 'Inflation')]",2
223,"[('Pandemie', (), 'Inflation')]",2
224,"[('Krieg', (), 'Inflation'), ('Staatsausgaben', (), 'Inflation')]",2
225,"[('Angebot (Rest)', (), 'Inflation')]",2
226,"[('Krieg', (), 'Inflation')]",2
227,"[('Politisches Missmanagement', (), 'Inflation')]",2
228,"[('Löhne', (), 'Inflation')]",2
229,"[('Löhne', (), 'Inflation'), ('Hohe Energiepreise', (), 'Inflation'), ('Angebot (Rest)', (), 'Inflation')]",2
231,"[('Hohe Energiepreise', (), 'Inflation')]",2
232,"[('Ökonomische Krise', (), 'Inflation'), ('Krieg', (), 'Inflation')]",2
233,"[('Krieg', (), 'Inflation')]",2
234,"[('Krieg', (), 'Staatsausgaben'), ('Migration', (), 'Inflation'), ('Staatsausgaben', (), 'Inflation'), ('Politisches Missmanagement', (), 'Inflation'), ('Politisches Missmanagement', (), 'Hohe Energiepreise'), ('Hohe Energiepreise', (), 'Inflation')]",2
235,"[('Lieferkettenprobleme', (), 'Inflation'), ('Krieg', (), 'Inflation'), ('Hohe Energiepreise', (), 'Inflation'), ('Klimawandel', (), 'Inflation')]",2
236,"[('Krieg', (), 'Inflation'), ('Staatsausgaben', (), 'Inflation'), ('Politisches Missmanagement', (), 'Inflation')]",2
237,"[('Wohnraum', (), 'Inflation'), ('Angebot (Rest)', (), 'Inflation')]",2
238,"[('Politisches Missmanagement', (), 'Hohe Energiepreise'), ('Hohe Energiepreise', (), 'Inflation'), ('Staatsausgaben', (), 'Inflation')]",2
240,"[('Nachfrage (Rest)', (), 'Angebot (Rest)'), ('Angebot (Rest)', (), 'Inflation')]",2
241,"[('Krieg', (), 'Inflation'), ('Hohe Energiepreise', (), 'Inflation'), ('Löhne', (), 'Inflation')]",2
242,"[('Hohe Energiepreise', (), 'Inflation'), ('Angebot (Rest)', (), 'Inflation')]",2
243,"[('Löhne', (), 'Inflation'), ('Hohe Energiepreise', (), 'Inflation')]",2
245,"[('Angebot (Rest)', (), 'Inflation'), ('Steuererhöhungen', (), 'Inflation'), ('Nachfrage (Rest)', (), 'Inflation'), ('Krieg', (), 'Inflation'), ('Lieferkettenprobleme', (), 'Inflation')]",2
246,"[('Steuererhöhungen', (), 'Inflation')]",2
247,"[('Nachfrage (Rest)', (), 'Inflation'), ('Staatsausgaben', (), 'Inflation'), ('Angebot (Rest)', (), 'Inflation')]",2
248,"[('Krieg', (), 'Inflation'), ('Hohe Energiepreise', (), 'Inflation')]",2
249,"[('Angebot (Rest)', (), 'Inflation')]",2
250,"[('Krieg', (), 'Inflation')]",2
251,"[('Krieg', (), 'Inflation')]",2
252,"[('Lebensmittelpreise', (), 'Inflation'), ('Krieg', (), 'Inflation'), ('Hohe Energiepreise', (), 'Inflation')]",2
254,"[('Krieg', (), 'Inflation')]",2
257,"[('Pandemie', (), 'Inflation'), ('Krieg', (), 'Inflation'), ('Nachfrage (Rest)', (), 'Inflation')]",2
258,"[('Lieferkettenprobleme', (), 'Inflation'), ('Krieg', (), 'Lieferkettenprobleme')]",2
260,"[('Politisches Missmanagement', (), 'Inflation')]",2
262,"[('Krieg', (), 'Inflation')]",2
263,"[('Lieferkettenprobleme', (), 'Inflation'), ('Krieg', (), 'Lieferkettenprobleme'), ('Angebot (Rest)', (), 'Inflation')]",2
266,"[('Politisches Missmanagement', (), 'Inflation')]",2
270,"[('Lebensmittelpreise', (), 'Inflation'), ('Hohe Energiepreise', (), 'Angebot (Rest)'), ('Angebot (Rest)', (), 'Inflation')]",2
274,"[('Lieferkettenprobleme', (), 'Angebot (Rest)'), ('Krieg', (), 'Lieferkettenprobleme'), ('Angebot (Rest)', (), 'Inflation')]",2
277,"[('Ökonomische Krise', (), 'Inflation'), ('Krieg', (), 'Ökonomische Krise')]",2
278,"[('Politisches Missmanagement', (), 'Inflation')]",2
280,"[('Krieg', (), 'Inflation')]",2
283,"[('Krieg', (), 'Inflation'), ('Löhne', (), 'Inflation')]",2
284,"[('Inflation', (), 'Inflation')]",2
286,"[('Krieg', (), 'Hohe Energiepreise')]",2
287,"[('Hohe Energiepreise', (), 'Inflation')]",2
288,"[('Krieg', (), 'Inflation'), ('Politisches Missmanagement', (), 'Inflation')]",2
290,"[('Migration', (), 'Inflation'), ('Hohe Energiepreise', (), 'Inflation'), ('Krieg', (), 'Inflation'), ('Angebot (Rest)', (), 'Inflation')]",2
291,"[('Krieg', (), 'Inflation'), ('Politisches Missmanagement', (), 'Inflation')]",2
292,"[('Pandemie', (), 'Inflation'), ('Hohe Energiepreise', (), 'Inflation')]",2
293,"[('Ökonomische Krise', (), 'Inflation'), ('Krieg', (), 'Inflation'), ('Hohe Energiepreise', (), 'Inflation')]",2
294,"[('Krieg', (), 'Angebot (Rest)'), ('Angebot (Rest)', (), 'Inflation'), ('Pandemie', (), 'Inflation'), ('Krieg', (), 'Lieferkettenprobleme'), ('Lieferkettenprobleme', (), 'Inflation')]",2
295,"[('Krieg', (), 'Inflation'), ('Klimawandel', (), 'Inflation')]",2
296,"[('Hohe Energiepreise', (), 'Inflation')]",2
297,"[('Lebensmittelpreise', (), 'Inflation'), ('Krieg', (), 'Geopolitik'), ('Preistreiberei', (), 'Inflation'), ('Geopolitik', (), 'Hohe Energiepreise')]",2
298,"[('Krieg', (), 'Inflation'), ('Hohe Energiepreise', (), 'Inflation'), ('Angebot (Rest)', (), 'Inflation')]",2
299,"[('Steuererhöhungen', (), 'Inflation'), ('Löhne', (), 'Inflation'), ('Klimawandel', (), 'Inflation'), ('Hohe Energiepreise', (), 'Inflation')]",2
300,"[('Krieg', (), 'Geopolitik')]",2
301,"[('Hohe Energiepreise', (), 'Inflation')]",2
302,"[('Krieg', (), 'Lieferkettenprobleme')]",2
303,"[('Krieg', (), 'Geopolitik')]",2
304,"[('Pandemie', (), 'Inflation'), ('Krieg', (), 'Inflation')]",2
306,"[('Pandemie', (), 'Inflation'), ('Löhne', (), 'Inflation'), ('Angebot (Rest)', (), 'Inflation')]",2
307,"[('Pandemie', (), 'Inflation'), ('Krieg', (), 'Inflation'), ('Nachfrage (Rest)', (), 'Inflation')]",2
309,"[('Politisches Missmanagement', (), 'Inflation')]",2
311,"[('Geldpolitik', (), 'Inflation'), ('Angebot (Rest)', (), 'Inflation')]",2
312,"[('Pandemie', (), 'Inflation'), ('Krieg', (), 'Inflation'), ('Hohe Energiepreise', (), 'Inflation'), ('Preistreiberei', (), 'Inflation')]",2
313,"[('Pandemie', (), 'Inflation'), ('Krieg', (), 'Inflation')]",2
314,"[('Löhne', (), 'Inflation'), ('Krieg', (), 'Hohe Energiepreise'), ('Hohe Energiepreise', (), 'Inflation'), ('Angebot (Rest)', (), 'Inflation')]",2
316,"[('Krieg', (), 'Inflation'), ('Politisches Missmanagement', (), 'Inflation')]",2
318,"[('Politisches Missmanagement', (), 'Inflation')]",2
320,"[('Krieg', (), 'Inflation')]",2
321,"[('Pandemie', (), 'Angebot (Rest)'), ('Pandemie', (), 'Aufgestaute Nachfrage'), ('Angebot (Rest)', (), 'Inflation'), ('Pandemie', (), 'Lieferkettenprobleme'), ('Aufgestaute Nachfrage', (), 'Inflation')]",2
322,"[('Ökonomische Krise', (), 'Inflation'), ('Hohe Energiepreise', (), 'Inflation')]",2
323,"[('Hohe Energiepreise', (), 'Inflation')]",2
324,"[('Steuererhöhungen', (), 'Inflation'), ('Krieg', (), 'Inflation'), ('Löhne', (), 'Inflation'), ('Hohe Energiepreise', (), 'Inflation')]",2
325,"[('Löhne', (), 'Inflation'), ('Hohe Energiepreise', (), 'Inflation')]",2
328,"[('Krieg', (), 'Preistreiberei'), ('Preistreiberei', (), 'Inflation')]",2
330,"[('Hohe Energiepreise', (), 'Inflation'), ('Krieg', (), 'Hohe Energiepreise')]",2
332,"[('Ökonomische Krise', (), 'Inflation'), ('Krieg', (), 'Ökonomische Krise')]",2
333,"[('Pandemie', (), 'Inflation'), ('Hohe Energiepreise', (), 'Inflation'), ('Krieg', (), 'Hohe Energiepreise'), ('Angebot (Rest)', (), 'Inflation')]",2
334,"[('Nachfrage (Rest)', (), 'Inflation'), ('Angebot (Rest)', (), 'Nachfrage (Rest)')]",2
335,"[('Krieg', (), 'Inflation')]",2
336,"[('Angebot (Rest)', (), 'Inflation'), ('Geopolitik', (), 'Inflation'), ('Geldpolitik', (), 'Inflation')]",2
337,"[('Pandemie', (), 'Inflation'), ('Krieg', (), 'Inflation')]",2
338,"[('Krieg', (), 'Geopolitik')]",2
339,"[('Steuererhöhungen', (), 'Inflation'), ('Löhne', (), 'Inflation'), ('Wohnraum', (), 'Inflation'), ('Hohe Energiepreise', (), 'Inflation')]",2
340,"[('Löhne', (), 'Inflation'), ('Krieg', (), 'Hohe Energiepreise'), ('Hohe Energiepreise', (), 'Inflation')]",2
341,"[('Preistreiberei', (), 'Inflation')]",2
342,"[('Ökonomische Krise', (), 'Inflation')]",2
343,"[('Hohe Energiepreise', (), 'Inflation'), ('Geopolitik', (), 'Inflation'), ('Krieg', (), 'Hohe Energiepreise')]",2
344,"[('Steuererhöhungen', (), 'Inflation'), ('Lebensmittelpreise', (), 'Inflation')]",2
345,"[('Krieg', (), 'Inflation'), ('Klimawandel', (), 'Inflation')]",2
346,"[('Geopolitik', (), 'Inflation'), ('Politisches Missmanagement', (), 'Inflation')]",2
347,"[('Lieferkettenprobleme', (), 'Inflation'), ('Löhne', (), 'Inflation'), ('Inflation', (), 'Löhne')]",2
349,"[('Ökonomische Krise', (), 'Inflation')]",2
350,"[('Pandemie', (), 'Inflation'), ('Migration', (), 'Inflation'), ('Staatsausgaben', (), 'Inflation'), ('Politisches Missmanagement', (), 'Inflation')]",2
351,"[('Staatsausgaben', (), 'Inflation')]",2
352,"[('Krieg', (), 'Inflation'), ('Politisches Missmanagement', (), 'Inflation')]",2
353,"[('Pandemie', (), 'Inflation'), ('Krieg', (), 'Inflation')]",2
356,"[('Lebensmittelpreise', (), 'Inflation'), ('Wohnraum', (), 'Inflation')]",2
357,"[('Krieg', (), 'Inflation'), ('Preistreiberei', (), 'Inflation')]",2
358,"[('Krieg', (), 'Inflation')]",2
359,"[('Krieg', (), 'Inflation'), ('Hohe Energiepreise', (), 'Inflation')]",2
360,"[('Steuererhöhungen', (), 'Inflation'), ('Hohe Energiepreise', (), 'Inflation'), ('Preistreiberei', (), 'Inflation'), ('Politisches Missmanagement', (), 'Inflation')]",2
361,"[('Steuererhöhungen', (), 'Inflation'), ('Krieg', (), 'Hohe Energiepreise'), ('Angebot (Rest)', (), 'Inflation')]",2
362,"[('Krieg', (), 'Inflation'), ('Hohe Energiepreise', (), 'Inflation')]",2
363,"[('Ökonomische Krise', (), 'Inflation'), ('Geldpolitik', (), 'Inflation')]",2
364,"[('Krieg', (), 'Inflation'), ('Staatsausgaben', (), 'Inflation')]",2
367,"[('Pandemie', (), 'Inflation'), ('Hohe Energiepreise', (), 'Inflation')]",2
368,"[('Lebensmittelpreise', (), 'Inflation')]",2
369,"[('Ökonomische Krise', (), 'Inflation'), ('Ökonomische Krise', (), 'Hohe Energiepreise'), ('Hohe Energiepreise', (), 'Ökonomische Krise'), ('Hohe Energiepreise', (), 'Inflation')]",2
370,"[('Migration', (), 'Inflation'), ('Politisches Missmanagement', (), 'Inflation'), ('Pandemie', (), 'Inflation'), ('Krieg', (), 'Inflation'), ('Geopolitik', (), 'Inflation')]",2
371,"[('Klimawandel', (), 'Inflation')]",2
372,"[('Hohe Energiepreise', (), 'Inflation')]",2
373,"[('Pandemie', (), 'Inflation'), ('Krieg', (), 'Inflation')]",2
374,"[('Pandemie', (), 'Lieferkettenprobleme'), ('Angebot (Rest)', (), 'Inflation')]",2
375,"[('Pandemie', (), 'Angebot (Rest)'), ('Politisches Missmanagement', (), 'Inflation'), ('Angebot (Rest)', (), 'Inflation'), ('Pandemie', (), 'Lieferkettenprobleme'), ('Lieferkettenprobleme', (), 'Inflation')]",2
377,"[('Krieg', (), 'Inflation')]",2
379,"[('Steuererhöhungen', (), 'Inflation'), ('Krieg', (), 'Inflation'), ('Hohe Energiepreise', (), 'Inflation')]",2
380,"[('Krieg', (), 'Inflation')]",2
381,"[('Lieferkettenprobleme', (), 'Inflation'), ('Krieg', (), 'Inflation'), ('Krieg', (), 'Lieferkettenprobleme'), ('Politisches Missmanagement', (), 'Inflation')]",2
382,"[('Politisches Missmanagement', (), 'Inflation')]",2
383,"[('Nachfrage (Rest)', (), 'Inflation'), ('Pandemie', (), 'Inflation')]",2
384,"[('Steuererhöhungen', (), 'Inflation'), ('Politisches Missmanagement', (), 'Inflation')]",2
385,"[('Politisches Missmanagement', (), 'Arbeitskräftemangel'), ('Staatsausgaben', (), 'Inflation'), ('Ökonomische Krise', (), 'Inflation'), ('Pandemie', (), 'Inflation'), ('Krieg', (), 'Inflation'), ('Arbeitskräftemangel', (), 'Inflation')]",2
386,"[('Hohe Energiepreise', (), 'Angebot (Rest)'), ('Angebot (Rest)', (), 'Inflation')]",2
387,"[('Krieg', (), 'Inflation'), ('Hohe Energiepreise', (), 'Inflation')]",2
388,"[('Lebensmittelpreise', (), 'Inflation'), ('Nachfrage (Rest)', (), 'Inflation'), ('Angebot (Rest)', (), 'Inflation')]",2
389,"[('Krieg', (), 'Inflation'), ('Hohe Energiepreise', (), 'Inflation'), ('Geopolitik', (), 'Inflation')]",2
390,"[('Migration', (), 'Inflation'), ('Krieg', (), 'Inflation')]",2
391,"[('Migration', (), 'Inflation')]",2
392,"[('Hohe Energiepreise', (), 'Inflation'), ('Angebot (Rest)', (), 'Inflation')]",2
393,"[('Pandemie', (), 'Inflation'), ('Krieg', (), 'Inflation'), ('Klimawandel', (), 'Inflation')]",2
394,"[('Krieg', (), 'Inflation')]",2
395,"[('Nachfrage (Rest)', (), 'Inflation')]",2
396,"[('Lebensmittelpreise', (), 'Inflation'), ('Hohe Energiepreise', (), 'Inflation'), ('Krieg', (), 'Geopolitik')]",2
400,"[('Ökonomische Krise', (), 'Inflation')]",2
402,"[('Lebensmittelpreise', (), 'Inflation'), ('Steuererhöhungen', (), 'Lebensmittelpreise')]",2
404,"[('Lebensmittelpreise', (), 'Inflation'), ('Hohe Energiepreise', (), 'Inflation'), ('Wohnraum', (), 'Inflation')]",2
405,"[('Pandemie', (), 'Inflation'), ('Krieg', (), 'Inflation')]",2
406,"[('Krieg', (), 'Inflation'), ('Klimawandel', (), 'Inflation')]",2
410,"[('Lebensmittelpreise', (), 'Inflation'), ('Hohe Energiepreise', (), 'Angebot (Rest)'), ('Angebot (Rest)', (), 'Inflation')]",2
412,"[('Pandemie', (), 'Inflation'), ('Krieg', (), 'Inflation')]",2
413,"[('Politisches Missmanagement', (), 'Hohe Energiepreise'), ('Krieg', (), 'Politisches Missmanagement'), ('Hohe Energiepreise', (), 'Inflation')]",2
414,"[('Zölle', (), 'Inflation')]",2
415,"[('Hohe Energiepreise', (), 'Inflation'), ('Klimawandel', (), 'Inflation'), ('Krieg', (), 'Hohe Energiepreise')]",2
416,"[('Pandemie', (), 'Inflation'), ('Hohe Energiepreise', (), 'Inflation')]",2
417,"[('Lieferkettenprobleme', (), 'Inflation'), ('Hohe Energiepreise', (), 'Inflation'), ('Geldpolitik', (), 'Inflation')]",2
419,"[('Löhne', (), 'Inflation'), ('Hohe Energiepreise', (), 'Inflation')]",2
420,"[('Hohe Energiepreise', (), 'Inflation')]",2
421,"[('Pandemie', (), 'Inflation'), ('Hohe Energiepreise', (), 'Inflation'), ('Politisches Missmanagement', (), 'Geopolitik')]",2
422,"[('Preistreiberei', (), 'Inflation'), ('Löhne', (), 'Inflation'), ('Krieg', (), 'Hohe Energiepreise'), ('Hohe Energiepreise', (), 'Inflation')]",2
426,"[('Lebensmittelpreise', (), 'Inflation')]",2
427,"[('Angebot (Rest)', (), 'Inflation')]",2
428,"[('Nachfrage (Rest)', (), 'Inflation'), ('Klimawandel', (), 'Inflation'), ('Angebot (Rest)', (), 'Inflation')]",2
429,"[('Ökonomische Krise', (), 'Inflation')]",2
430,"[('Hohe Energiepreise', (), 'Inflation')]",2
431,"[('Krieg', (), 'Inflation')]",2
432,"[('Ökonomische Krise', (), 'Inflation'), ('Krieg', (), 'Inflation')]",2
433,"[('Krieg', (), 'Inflation'), ('Klimawandel', (), 'Inflation'), ('Preistreiberei', (), 'Inflation'), ('Inflation', (), 'Preistreiberei')]",2
435,"[('Angebot (Rest)', (), 'Inflation')]",2
436,"[('Hohe Energiepreise', (), 'Inflation'), ('Krieg', (), 'Hohe Energiepreise')]",2
437,"[('Krieg', (), 'Inflation'), ('Hohe Energiepreise', (), 'Inflation'), ('Angebot (Rest)', (), 'Inflation')]",2
439,"[('Steuererhöhungen', (), 'Inflation'), ('Migration', (), 'Inflation'), ('Hohe Energiepreise', (), 'Inflation'), ('Krieg', (), 'Hohe Energiepreise')]",2
442,"[('Krieg', (), 'Angebot (Rest)'), ('Hohe Energiepreise', (), 'Inflation'), ('Krieg', (), 'Hohe Energiepreise'), ('Angebot (Rest)', (), 'Inflation')]",2
443,"[('Pandemie', (), 'Ökonomische Krise'), ('Geopolitik', (), 'Inflation'), ('Hohe Energiepreise', (), 'Inflation'), ('Geopolitik', (), 'Hohe Energiepreise')]",2
444,"[('Politisches Missmanagement', (), 'Inflation')]",2
445,"[('Pandemie', (), 'Angebot (Rest)'), ('Krieg', (), 'Angebot (Rest)'), ('Angebot (Rest)', (), 'Inflation'), ('Pandemie', (), 'Lieferkettenprobleme'), ('Krieg', (), 'Lieferkettenprobleme')]",2
446,"[('Lieferkettenprobleme', (), 'Inflation'), ('Hohe Energiepreise', (), 'Inflation')]",2
447,"[('Lebensmittelpreise', (), 'Inflation'), ('Migration', (), 'Inflation'), ('Hohe Energiepreise', (), 'Lebensmittelpreise')]",2
449,"[('Hohe Energiepreise', (), 'Angebot (Rest)'), ('Angebot (Rest)', (), 'Inflation')]",2
450,"[('Krieg', (), 'Inflation')]",2
451,"[('Geldpolitik', (), 'Inflation')]",2
453,"[('Lebensmittelpreise', (), 'Inflation')]",2
455,"[('Hohe Energiepreise', (), 'Inflation')]",2
457,"[('Lieferkettenprobleme', (), 'Inflation'), ('Geopolitik', (), 'Lieferkettenprobleme'), ('Krieg', (), 'Geopolitik')]",2
459,"[('Ökonomische Krise', (), 'Inflation')]",2
461,"[('Krieg', (), 'Inflation'), ('Löhne', (), 'Inflation'), ('Klimawandel', (), 'Inflation'), ('Hohe Energiepreise', (), 'Inflation')]",2
463,"[('Krieg', (), 'Hohe Energiepreise')]",2
464,"[('Lebensmittelpreise', (), 'Inflation'), ('Preistreiberei', (), 'Lebensmittelpreise'), ('Hohe Energiepreise', (), 'Inflation')]",2
466,"[('Krieg', (), 'Inflation'), ('Angebot (Rest)', (), 'Inflation')]",2
467,"[('Ökonomische Krise', (), 'Inflation'), ('Pandemie', (), 'Inflation'), ('Krieg', (), 'Inflation'), ('Politisches Missmanagement', (), 'Inflation')]",2
468,"[('Pandemie', (), 'Inflation'), ('Krieg', (), 'Inflation'), ('Politisches Missmanagement', (), 'Inflation')]",2
469,"[('Lieferkettenprobleme', (), 'Inflation')]",2
470,"[('Pandemie', (), 'Inflation')]",2
471,"[('Lebensmittelpreise', (), 'Inflation'), ('Krieg', (), 'Inflation'), ('Hohe Energiepreise', (), 'Inflation')]",2
472,"[('Lebensmittelpreise', (), 'Inflation')]",2
473,"[('Krieg', (), 'Inflation')]",2
474,"[('Pandemie', (), 'Inflation'), ('Krieg', (), 'Inflation')]",2
475,"[('Löhne', (), 'Inflation'), ('Krieg', (), 'Hohe Energiepreise'), ('Hohe Energiepreise', (), 'Inflation')]",2
478,"[('Lebensmittelpreise', (), 'Inflation'), ('Krieg', (), 'Inflation'), ('Löhne', (), 'Inflation')]",2
479,"[('Hohe Energiepreise', (), 'Inflation'), ('Angebot (Rest)', (), 'Inflation')]",2
480,"[('Hohe Energiepreise', (), 'Inflation')]",2
482,"[('Migration', (), 'Inflation')]",2
483,"[('Geldpolitik', (), 'Inflation')]",2
485,"[('Pandemie', (), 'Inflation'), ('Migration', (), 'Inflation')]",2
486,"[('Hohe Energiepreise', (), 'Inflation')]",2
488,"[('Lieferkettenprobleme', (), 'Angebot (Rest)'), ('Nachfrage (Rest)', (), 'Inflation'), ('Löhne', (), 'Nachfrage (Rest)'), ('Angebot (Rest)', (), 'Inflation')]",2
489,"[('Steuererhöhungen', (), 'Inflation'), ('Hohe Energiepreise', (), 'Inflation')]",2
490,"[('Krieg', (), 'Inflation'), ('Klimawandel', (), 'Inflation'), ('Angebot (Rest)', (), 'Inflation')]",2
491,"[('Pandemie', (), 'Inflation'), ('Krieg', (), 'Inflation')]",2
492,"[('Pandemie', (), 'Inflation'), ('Krieg', (), 'Inflation')]",2
493,"[('Preistreiberei', (), 'Inflation'), ('Hohe Energiepreise', (), 'Preistreiberei')]",2
494,"[('Lebensmittelpreise', (), 'Inflation'), ('Hohe Energiepreise', (), 'Inflation')]",2
495,"[('Lebensmittelpreise', (), 'Inflation'), ('Krieg', (), 'Staatsausgaben'), ('Hohe Energiepreise', (), 'Inflation')]",2
496,"[('Ökonomische Krise', (), 'Geldpolitik'), ('Pandemie', (), 'Ökonomische Krise'), ('Geldpolitik', (), 'Inflation')]",2
497,"[('Krieg', (), 'Inflation'), ('Politisches Missmanagement', (), 'Inflation')]",2
499,"[('Steuererhöhungen', (), 'Inflation')]",2
500,"[('Arbeitskräftemangel', (), 'Inflation'), ('Klimawandel', (), 'Angebot (Rest)'), ('Angebot (Rest)', (), 'Inflation')]",2
501,"[('Krieg', (), 'Inflation')]",2
502,"[('Pandemie', (), 'Inflation'), ('Hohe Energiepreise', (), 'Inflation')]",2
504,"[('Krieg', (), 'Inflation')]",2
505,"[('Pandemie', (), 'Inflation'), ('Hohe Energiepreise', (), 'Inflation')]",2
506,"[('Ökonomische Krise', (), 'Inflation'), ('Angebot (Rest)', (), 'Inflation')]",2
508,"[('Migration', (), 'Inflation')]",2
509,"[('Lieferkettenprobleme', (), 'Angebot (Rest)'), ('Pandemie', (), 'Inflation'), ('Krieg', (), 'Inflation'), ('Angebot (Rest)', (), 'Inflation')]",2
510,"[('Angebot (Rest)', (), 'Inflation')]",2
511,"[('Krieg', (), 'Inflation'), ('Wechselkurse', (), 'Inflation'), ('Angebot (Rest)', (), 'Inflation')]",2
513,"[('Krieg', (), 'Inflation'), ('Klimawandel', (), 'Inflation')]",2
515,"[('Krieg', (), 'Inflation'), ('Preistreiberei', (), 'Inflation'), ('Politisches Missmanagement', (), 'Inflation')]",2
516,"[('Angebot (Rest)', (), 'Inflation'), ('Lieferkettenprobleme', (), 'Angebot (Rest)'), ('Hohe Energiepreise', (), 'Inflation'), ('Lebensmittelpreise', (), 'Inflation'), ('Geldpolitik', (), 'Inflation')]",2
517,"[('Staatsausgaben', (), 'Inflation'), ('Politisches Missmanagement', (), 'Staatsausgaben'), ('Geldpolitik', (), 'Inflation')]",2
518,"[('Ökonomische Krise', (), 'Inflation')]",2
519,"[('Lebensmittelpreise', (), 'Inflation'), ('Krieg', (), 'Inflation'), ('Klimawandel', (), 'Inflation')]",2
520,"[('Angebot (Rest)', (), 'Inflation'), ('Ökonomische Krise', (), 'Inflation'), ('Pandemie', (), 'Inflation'), ('Hohe Energiepreise', (), 'Inflation'), ('Hohe Staatsschulden', (), 'Inflation')]",2
521,"[('Hohe Energiepreise', (), 'Inflation'), ('Krieg', (), 'Hohe Energiepreise')]",2
523,"[('Hohe Energiepreise', (), 'Inflation')]",2
524,"[('Pandemie', (), 'Inflation'), ('Migration', (), 'Inflation'), ('Krieg', (), 'Inflation')]",2
525,"[('Geopolitik', (), 'Lieferkettenprobleme'), ('Krieg', (), 'Geopolitik')]",2
526,"[('Krieg', (), 'Inflation')]",2
529,"[('Krieg', (), 'Inflation')]",2
530,"[('Ökonomische Krise', (), 'Inflation'), ('Pandemie', (), 'Ökonomische Krise')]",2
531,"[('Lebensmittelpreise', (), 'Inflation'), ('Hohe Energiepreise', (), 'Angebot (Rest)'), ('Angebot (Rest)', (), 'Inflation')]",2
534,"[('Krieg', (), 'Inflation'), ('Hohe Energiepreise', (), 'Inflation')]",2
535,"[('Wohnraum', (), 'Inflation'), ('Angebot (Rest)', (), 'Inflation'), ('Löhne', (), 'Inflation'), ('Hohe Energiepreise', (), 'Inflation'), ('Lebensmittelpreise', (), 'Inflation')]",2
536,"[('Pandemie', (), 'Inflation'), ('Krieg', (), 'Inflation')]",2
538,"[('Lebensmittelpreise', (), 'Inflation'), ('Hohe Energiepreise', (), 'Lebensmittelpreise')]",2
540,"[('Pandemie', (), 'Inflation'), ('Klimawandel', (), 'Inflation')]",2
541,"[('Pandemie', (), 'Inflation'), ('Krieg', (), 'Inflation'), ('Lieferkettenprobleme', (), 'Inflation')]",2
543,"[('Lieferkettenprobleme', (), 'Inflation'), ('Geldpolitik', (), 'Nachfrage (Rest)'), ('Pandemie', (), 'Aufgestaute Nachfrage'), ('Angebot (Rest)', (), 'Inflation')]",2
544,"[('Pandemie', (), 'Inflation')]",2
545,"[('Lieferkettenprobleme', (), 'Inflation'), ('Krieg', (), 'Inflation'), ('Hohe Energiepreise', (), 'Inflation')]",2
548,"[('Angebot (Rest)', (), 'Inflation'), ('Politisches Missmanagement', (), 'Inflation')]",2
550,"[('Lebensmittelpreise', (), 'Inflation'), ('Hohe Energiepreise', (), 'Inflation')]",2
551,"[('Hohe Energiepreise', (), 'Inflation')]",2
553,"[('Angebot (Rest)', (), 'Inflation'), ('Nachfrage (Rest)', (), 'Inflation'), ('Krieg', (), 'Angebot (Rest)'), ('Geldpolitik', (), 'Inflation')]",2
554,"[('Nachfrage (Rest)', (), 'Inflation'), ('Krieg', (), 'Inflation'), ('Klimawandel', (), 'Inflation'), ('Angebot (Rest)', (), 'Inflation')]",2
555,"[('Krieg', (), 'Inflation'), ('Klimawandel', (), 'Inflation')]",2
556,"[('Krieg', (), 'Inflation'), ('Politisches Missmanagement', (), 'Inflation')]",2
557,"[('Inflation', (), 'Löhne'), ('Angebot (Rest)', (), 'Inflation'), ('Krieg', (), 'Inflation'), ('Löhne', (), 'Inflation'), ('Arbeitskräftemangel', (), 'Inflation'), ('Lieferkettenprobleme', (), 'Inflation')]",2
558,"[('Preistreiberei', (), 'Inflation')]",2
559,"[('Hohe Energiepreise', (), 'Inflation'), ('Geopolitik', (), 'Hohe Energiepreise'), ('Krieg', (), 'Geopolitik'), ('Geldpolitik', (), 'Inflation')]",2
560,"[('Migration', (), 'Inflation'), ('Geopolitik', (), 'Inflation'), ('Krieg', (), 'Geopolitik')]",2
561,"[('Hohe Energiepreise', (), 'Inflation'), ('Geopolitik', (), 'Inflation'), ('Angebot (Rest)', (), 'Inflation')]",2
563,"[('Ökonomische Krise', (), 'Inflation')]",2
564,"[('Migration', (), 'Staatsausgaben'), ('Staatsausgaben', (), 'Inflation')]",2
565,"[('Klimawandel', (), 'Inflation')]",2
567,"[('Hohe Energiepreise', (), 'Inflation'), ('Krieg', (), 'Preistreiberei'), ('Preistreiberei', (), 'Inflation')]",2
568,"[('Hohe Energiepreise', (), 'Inflation')]",2
569,"[('Migration', (), 'Inflation'), ('Politisches Missmanagement', (), 'Inflation')]",2
570,"[('Krieg', (), 'Lieferkettenprobleme'), ('Lieferkettenprobleme', (), 'Hohe Energiepreise'), ('Klimawandel', (), 'Inflation'), ('Hohe Energiepreise', (), 'Inflation')]",2
572,"[('Hohe Energiepreise', (), 'Inflation'), ('Preistreiberei', (), 'Inflation')]",2
574,"[('Hohe Energiepreise', (), 'Inflation'), ('Krieg', (), 'Hohe Energiepreise')]",2
575,"[('Krieg', (), 'Wohnraum'), ('Wohnraum', (), 'Inflation'), ('Steuererhöhungen', (), 'Inflation'), ('Hohe Energiepreise', (), 'Inflation'), ('Inflation', (), 'Inflation'), ('Krieg', (), 'Hohe Energiepreise')]",2
578,"[('Löhne', (), 'Inflation'), ('Hohe Energiepreise', (), 'Inflation'), ('Angebot (Rest)', (), 'Inflation')]",2
579,"[('Angebot (Rest)', (), 'Inflation')]",2
580,"[('Preistreiberei', (), 'Angebot (Rest)'), ('Angebot (Rest)', (), 'Inflation')]",2
581,"[('Lieferkettenprobleme', (), 'Inflation')]",2
582,"[('Inflation', (), 'Inflation')]",2
583,"[('Hohe Energiepreise', (), 'Inflation')]",2
584,"[('Pandemie', (), 'Inflation'), ('Migration', (), 'Inflation'), ('Krieg', (), 'Inflation')]",2
585,"[('Politisches Missmanagement', (), 'Inflation'), ('Arbeitskräftemangel', (), 'Inflation')]",2
586,"[('Politisches Missmanagement', (), 'Inflation')]",2
587,"[('Geldpolitik', (), 'Inflation')]",2
588,"[('Krieg', (), 'Inflation')]",2
591,"[('Ökonomische Krise', (), 'Inflation'), ('Pandemie', (), 'Ökonomische Krise')]",2
593,"[('Geldpolitik', (), 'Inflation'), ('Angebot (Rest)', (), 'Inflation')]",2
596,"[('Lebensmittelpreise', (), 'Inflation'), ('Hohe Energiepreise', (), 'Inflation')]",2
598,"[('Krieg', (), 'Inflation'), ('Hohe Energiepreise', (), 'Inflation'), ('Löhne', (), 'Inflation')]",2
600,"[('Ökonomische Krise', (), 'Inflation'), ('Krieg', (), 'Inflation')]",2
601,"[('Ökonomische Krise', (), 'Inflation'), ('Krieg', (), 'Inflation'), ('Politisches Missmanagement', (), 'Inflation')]",2
604,"[('Pandemie', (), 'Inflation'), ('Krieg', (), 'Inflation')]",2
605,"[('Ökonomische Krise', (), 'Inflation')]",2
606,"[('Angebot (Rest)', (), 'Inflation'), ('Geldpolitik', (), 'Inflation')]",2
607,"[('Pandemie', (), 'Inflation'), ('Hohe Energiepreise', (), 'Inflation')]",2
608,"[('Krieg', (), 'Inflation'), ('Hohe Energiepreise', (), 'Inflation'), ('Politisches Missmanagement', (), 'Inflation')]",2
609,"[('Ökonomische Krise', (), 'Inflation'), ('Pandemie', (), 'Ökonomische Krise')]",2
610,"[('Lebensmittelpreise', (), 'Inflation'), ('Löhne', (), 'Inflation'), ('Hohe Energiepreise', (), 'Inflation'), ('Geldpolitik', (), 'Inflation')]",2
611,"[('Migration', (), 'Inflation'), ('Krieg', (), 'Staatsausgaben'), ('Staatsausgaben', (), 'Inflation'), ('Politisches Missmanagement', (), 'Inflation')]",2
613,"[('Lebensmittelpreise', (), 'Inflation'), ('Hohe Energiepreise', (), 'Inflation')]",2
614,"[('Lebensmittelpreise', (), 'Inflation'), ('Hohe Energiepreise', (), 'Inflation')]",2
615,"[('Krieg', (), 'Inflation')]",2
616,"[('Pandemie', (), 'Inflation'), ('Krieg', (), 'Inflation')]",2
617,"[('Pandemie', (), 'Inflation')]",2
618,"[('Hohe Energiepreise', (), 'Inflation'), ('Geldpolitik', (), 'Inflation')]",2
620,"[('Angebot (Rest)', (), 'Inflation')]",2
621,"[('Preistreiberei', (), 'Inflation'), ('Pandemie', (), 'Lieferkettenprobleme'), ('Löhne', (), 'Inflation'), ('Hohe Energiepreise', (), 'Inflation')]",2
622,"[('Löhne', (), 'Angebot (Rest)'), ('Geldpolitik', (), 'Angebot (Rest)'), ('Angebot (Rest)', (), 'Inflation')]",2
623,"[('Hohe Staatsschulden', (), 'Inflation'), ('Ökonomische Krise', (), 'Inflation'), ('Politisches Missmanagement', (), 'Inflation')]",2
624,"[('Krieg', (), 'Inflation')]",2
625,"[('Angebot (Rest)', (), 'Inflation'), ('Hohe Energiepreise', (), 'Angebot (Rest)'), ('Löhne', (), 'Inflation'), ('Krieg', (), 'Inflation'), ('Lebensmittelpreise', (), 'Inflation')]",2
627,"[('Löhne', (), 'Inflation'), ('Hohe Energiepreise', (), 'Inflation')]",2
628,"[('Krieg', (), 'Inflation')]",2
629,"[('Pandemie', (), 'Inflation'), ('Wohnraum', (), 'Inflation')]",2
630,"[('Krieg', (), 'Politisches Missmanagement')]",2
632,"[('Pandemie', (), 'Inflation'), ('Krieg', (), 'Lieferkettenprobleme'), ('Nachfrage (Rest)', (), 'Inflation'), ('Politisches Missmanagement', (), 'Inflation')]",2
633,"[('Steuererhöhungen', (), 'Inflation'), ('Krieg', (), 'Angebot (Rest)')]",2
634,"[('Nachfrage (Rest)', (), 'Inflation'), ('Krieg', (), 'Inflation'), ('Angebot (Rest)', (), 'Inflation')]",2
635,"[('Lebensmittelpreise', (), 'Inflation'), ('Krieg', (), 'Inflation')]",2
636,"[('Politisches Missmanagement', (), 'Inflation')]",2
637,"[('Angebot (Rest)', (), 'Preistreiberei'), ('Preistreiberei', (), 'Inflation')]",2
638,"[('Steuererhöhungen', (), 'Inflation'), ('Hohe Staatsschulden', (), 'Steuererhöhungen'), ('Angebot (Rest)', (), 'Inflation')]",2
639,"[('Pandemie', (), 'Inflation'), ('Hohe Energiepreise', (), 'Inflation')]",2
641,"[('Lieferkettenprobleme', (), 'Inflation')]",2
642,"[('Hohe Energiepreise', (), 'Inflation'), ('Löhne', (), 'Inflation'), ('Preistreiberei', (), 'Inflation')]",2
643,"[('Politisches Missmanagement', (), 'Steuererhöhungen'), ('Hohe Energiepreise', (), 'Inflation'), ('Krieg', (), 'Inflation')]",2
648,"[('Pandemie', (), 'Inflation'), ('Krieg', (), 'Inflation'), ('Politisches Missmanagement', (), 'Inflation')]",2
649,"[('Ökonomische Krise', (), 'Inflation'), ('Krieg', (), 'Staatsausgaben'), ('Staatsausgaben', (), 'Inflation')]",2
650,"[('Lebensmittelpreise', (), 'Inflation'), ('Migration', (), 'Inflation')]",2
651,"[('Krieg', (), 'Inflation'), ('Angebot (Rest)', (), 'Inflation')]",2
652,"[('Lebensmittelpreise', (), 'Inflation'), ('Lieferkettenprobleme', (), 'Inflation'), ('Krieg', (), 'Angebot (Rest)'), ('Krieg', (), 'Hohe Energiepreise')]",2
653,"[('Krieg', (), 'Inflation')]",2
654,"[('Krieg', (), 'Inflation'), ('Angebot (Rest)', (), 'Inflation')]",2
655,"[('Krieg', (), 'Migration'), ('Migration', (), 'Inflation')]",2
656,"[('Krieg', (), 'Inflation')]",2
657,"[('Krieg', (), 'Inflation')]",2
658,"[('Steuererhöhungen', (), 'Inflation'), ('Pandemie', (), 'Inflation')]",2
659,"[('Migration', (), 'Inflation'), ('Krieg', (), 'Inflation')]",2
660,"[('Staatsausgaben', (), 'Inflation'), ('Politisches Missmanagement', (), 'Staatsausgaben')]",2
661,"[('Krieg', (), 'Inflation'), ('Politisches Missmanagement', (), 'Inflation')]",2
662,"[('Hohe Energiepreise', (), 'Inflation')]",2
664,"[('Hohe Energiepreise', (), 'Inflation'), ('Politisches Missmanagement', (), 'Inflation')]",2
665,"[('Angebot (Rest)', (), 'Inflation'), ('Hohe Energiepreise', (), 'Inflation'), ('Geldpolitik', (), 'Inflation')]",2
666,"[('Hohe Staatsschulden', (), 'Inflation'), ('Ökonomische Krise', (), 'Inflation')]",2
668,"[('Pandemie', (), 'Inflation'), ('Hohe Energiepreise', (), 'Inflation'), ('Geldpolitik', (), 'Inflation')]",2
670,"[('Lebensmittelpreise', (), 'Inflation'), ('Löhne', (), 'Inflation'), ('Wohnraum', (), 'Inflation'), ('Hohe Energiepreise', (), 'Inflation')]",2
671,"[('Nachfrage (Rest)', (), 'Inflation'), ('Angebot (Rest)', (), 'Inflation')]",2
672,"[('Krieg', (), 'Inflation')]",2
673,"[('Hohe Energiepreise', (), 'Inflation'), ('Klimawandel', (), 'Angebot (Rest)'), ('Angebot (Rest)', (), 'Inflation')]",2
675,"[('Hohe Energiepreise', (), 'Angebot (Rest)'), ('Krieg', (), 'Geopolitik'), ('Angebot (Rest)', (), 'Inflation')]",2
676,"[('Staatsausgaben', (), 'Inflation'), ('Politisches Missmanagement', (), 'Inflation'), ('Klimawandel', (), 'Lebensmittelpreise'), ('Lebensmittelpreise', (), 'Inflation'), ('Krieg', (), 'Lebensmittelpreise')]",2
677,"[('Lebensmittelpreise', (), 'Inflation')]",2
678,"[('Krieg', (), 'Inflation')]",2
679,"[('Pandemie', (), 'Inflation'), ('Krieg', (), 'Inflation'), ('Angebot (Rest)', (), 'Inflation')]",2
680,"[('Pandemie', (), 'Angebot (Rest)'), ('Angebot (Rest)', (), 'Inflation')]",2
681,"[('Geopolitik', (), 'Angebot (Rest)'), ('Krieg', (), 'Geopolitik'), ('Angebot (Rest)', (), 'Inflation')]",2
682,"[('Pandemie', (), 'Inflation')]",2
683,"[('Krieg', (), 'Inflation'), ('Angebot (Rest)', (), 'Inflation')]",2
685,"[('Hohe Energiepreise', (), 'Inflation')]",2
686,"[('Krieg', (), 'Inflation')]",2
687,"[('Krieg', (), 'Inflation')]",2
689,"[('Pandemie', (), 'Ökonomische Krise'), ('Hohe Energiepreise', (), 'Inflation')]",2
690,"[('Lebensmittelpreise', (), 'Inflation'), ('Hohe Energiepreise', (), 'Inflation')]",2
691,"[('Pandemie', (), 'Inflation'), ('Krieg', (), 'Inflation')]",2
692,"[('Krieg', (), 'Angebot (Rest)'), ('Hohe Energiepreise', (), 'Angebot (Rest)'), ('Angebot (Rest)', (), 'Inflation')]",2
693,"[('Politisches Missmanagement', (), 'Inflation')]",2
694,"[('Klimawandel', (), 'Inflation'), ('Politisches Missmanagement', (), 'Inflation'), ('Angebot (Rest)', (), 'Inflation'), ('Nachfrage (Rest)', (), 'Inflation'), ('Krieg', (), 'Inflation')]",2
695,"[('Krieg', (), 'Inflation'), ('Angebot (Rest)', (), 'Inflation')]",2
697,"[('Krieg', (), 'Inflation')]",2
698,"[('Krieg', (), 'Inflation'), ('Geopolitik', (), 'Inflation'), ('Geldpolitik', (), 'Inflation')]",2
699,"[('Steuererhöhungen', (), 'Inflation')]",2
701,"[('Pandemie', (), 'Inflation'), ('Migration', (), 'Inflation')]",2
703,"[('Lieferkettenprobleme', (), 'Inflation'), ('Krieg', (), 'Lieferkettenprobleme'), ('Hohe Energiepreise', (), 'Inflation'), ('Angebot (Rest)', (), 'Inflation')]",2
705,"[('Geldpolitik', (), 'Inflation'), ('Angebot (Rest)', (), 'Inflation')]",2
706,"[('Ökonomische Krise', (), 'Inflation'), ('Krieg', (), 'Inflation')]",2
707,"[('Pandemie', (), 'Ökonomische Krise')]",2
709,"[('Pandemie', (), 'Inflation'), ('Hohe Energiepreise', (), 'Inflation'), ('Krieg', (), 'Hohe Energiepreise')]",2
710,"[('Pandemie', (), 'Inflation'), ('Nachfrage (Rest)', (), 'Inflation'), ('Angebot (Rest)', (), 'Inflation')]",2
712,"[('Lebensmittelpreise', (), 'Inflation'), ('Hohe Energiepreise', (), 'Lebensmittelpreise')]",2
713,"[('Pandemie', (), 'Inflation')]",2
716,"[('Krieg', (), 'Inflation'), ('Löhne', (), 'Inflation'), ('Inflation', (), 'Löhne'), ('Inflation', (), 'Inflation')]",2
717,"[('Hohe Energiepreise', (), 'Inflation'), ('Krieg', (), 'Hohe Energiepreise')]",2
718,"[('Ökonomische Krise', (), 'Inflation'), ('Krieg', (), 'Inflation'), ('Hohe Energiepreise', (), 'Inflation')]",2
719,"[('Pandemie', (), 'Aufgestaute Nachfrage'), ('Hohe Energiepreise', (), 'Inflation'), ('Aufgestaute Nachfrage', (), 'Inflation'), ('Krieg', (), 'Hohe Energiepreise'), ('Geldpolitik', (), 'Inflation')]",2
721,"[('Geldpolitik', (), 'Inflation')]",2
723,"[('Politisches Missmanagement', (), 'Inflation'), ('Angebot (Rest)', (), 'Inflation'), ('Nachfrage (Rest)', (), 'Inflation'), ('Lebensmittelpreise', (), 'Inflation'), ('Geldpolitik', (), 'Inflation')]",2
725,"[('Pandemie', (), 'Inflation'), ('Politisches Missmanagement', (), 'Inflation')]",2
726,"[('Hohe Energiepreise', (), 'Inflation')]",2
727,"[('Pandemie', (), 'Staatsausgaben')]",2
728,"[('Ökonomische Krise', (), 'Inflation'), ('Hohe Energiepreise', (), 'Inflation')]",2
729,"[('Hohe Energiepreise', (), 'Inflation'), ('Wohnraum', (), 'Inflation'), ('Angebot (Rest)', (), 'Inflation')]",2
731,"[('Staatsausgaben', (), 'Inflation')]",2
732,"[('Angebot (Rest)', (), 'Inflation')]",2
733,"[('Krieg', (), 'Inflation')]",2
735,"[('Krieg', (), 'Inflation'), ('Hohe Energiepreise', (), 'Inflation')]",2
736,"[('Migration', (), 'Inflation'), ('Krieg', (), 'Inflation')]",2
738,"[('Ökonomische Krise', (), 'Inflation'), ('Politisches Missmanagement', (), 'Ökonomische Krise')]",2
740,"[('Pandemie', (), 'Inflation'), ('Preistreiberei', (), 'Inflation')]",2
741,"[('Krieg', (), 'Inflation'), ('Politisches Missmanagement', (), 'Inflation')]",2
742,"[('Hohe Energiepreise', (), 'Inflation')]",2
743,"[('Politisches Missmanagement', (), 'Wohnraum'), ('Wohnraum', (), 'Inflation'), ('Politisches Missmanagement', (), 'Staatsausgaben')]",2
744,"[('Steuererhöhungen', (), 'Inflation'), ('Löhne', (), 'Inflation'), ('Staatsausgaben', (), 'Inflation')]",2
745,"[('Ökonomische Krise', (), 'Inflation'), ('Krieg', (), 'Inflation')]",2
746,"[('Hohe Energiepreise', (), 'Angebot (Rest)'), ('Angebot (Rest)', (), 'Inflation')]",2
747,"[('Steuererhöhungen', (), 'Inflation'), ('Hohe Energiepreise', (), 'Inflation'), ('Preistreiberei', (), 'Inflation')]",2
748,"[('Lieferkettenprobleme', (), 'Inflation'), ('Migration', (), 'Inflation'), ('Krieg', (), 'Inflation'), ('Angebot (Rest)', (), 'Inflation')]",2
749,"[('Krieg', (), 'Inflation'), ('Hohe Energiepreise', (), 'Inflation'), ('Staatsausgaben', (), 'Inflation')]",2
750,"[('Steuererhöhungen', (), 'Inflation')]",2
754,"[('Löhne', (), 'Inflation')]",2
755,"[('Pandemie', (), 'Lieferkettenprobleme')]",2
756,"[('Ökonomische Krise', (), 'Inflation'), ('Pandemie', (), 'Inflation'), ('Krieg', (), 'Inflation'), ('Hohe Energiepreise', (), 'Inflation')]",2
757,"[('Krieg', (), 'Inflation'), ('Hohe Energiepreise', (), 'Inflation')]",2
758,"[('Krieg', (), 'Inflation'), ('Hohe Energiepreise', (), 'Inflation')]",2
759,"[('Lebensmittelpreise', (), 'Inflation'), ('Krieg', (), 'Inflation')]",2
760,"[('Hohe Staatsschulden', (), 'Inflation')]",2
761,"[('Angebot (Rest)', (), 'Inflation')]",2
762,"[('Migration', (), 'Inflation')]",2
763,"[('Lebensmittelpreise', (), 'Inflation'), ('Hohe Energiepreise', (), 'Inflation')]",2
764,"[('Politisches Missmanagement', (), 'Inflation')]",2
765,"[('Klimawandel', (), 'Inflation')]",2
766,"[('Pandemie', (), 'Inflation'), ('Krieg', (), 'Inflation')]",2
768,"[('Krieg', (), 'Inflation')]",2
769,"[('Pandemie', (), 'Inflation'), ('Politisches Missmanagement', (), 'Inflation')]",2
770,"[('Hohe Energiepreise', (), 'Inflation'), ('Angebot (Rest)', (), 'Inflation')]",2
771,"[('Klimawandel', (), 'Inflation')]",2
772,"[('Krieg', (), 'Inflation')]",2
773,"[('Ökonomische Krise', (), 'Inflation'), ('Pandemie', (), 'Inflation'), ('Krieg', (), 'Inflation')]",2
776,"[('Politisches Missmanagement', (), 'Inflation')]",2
777,"[('Lebensmittelpreise', (), 'Inflation'), ('Krieg', (), 'Inflation'), ('Hohe Energiepreise', (), 'Inflation'), ('Geldpolitik', (), 'Inflation')]",2
778,"[('Hohe Energiepreise', (), 'Inflation'), ('Preistreiberei', (), 'Inflation')]",2
779,"[('Krieg', (), 'Inflation'), ('Politisches Missmanagement', (), 'Inflation')]",2
781,"[('Hohe Energiepreise', (), 'Inflation')]",2
783,"[('Hohe Energiepreise', (), 'Inflation')]",2
785,"[('Krieg', (), 'Inflation')]",2
787,"[('Lebensmittelpreise', (), 'Inflation'), ('Krieg', (), 'Angebot (Rest)'), ('Hohe Energiepreise', (), 'Inflation'), ('Angebot (Rest)', (), 'Inflation')]",2
789,"[('Angebot (Rest)', (), 'Inflation')]",2
790,"[('Pandemie', (), 'Angebot (Rest)'), ('Angebot (Rest)', (), 'Inflation')]",2
791,"[('Pandemie', (), 'Inflation')]",2
794,"[('Klimawandel', (), 'Inflation'), ('Preistreiberei', (), 'Inflation'), ('Politisches Missmanagement', (), 'Inflation'), ('Pandemie', (), 'Inflation'), ('Krieg', (), 'Inflation')]",2
795,"[('Hohe Energiepreise', (), 'Inflation')]",2
796,"[('Preistreiberei', (), 'Inflation'), ('Angebot (Rest)', (), 'Inflation'), ('Hohe Energiepreise', (), 'Inflation'), ('Lebensmittelpreise', (), 'Inflation'), ('Geldpolitik', (), 'Inflation')]",2
797,"[('Lebensmittelpreise', (), 'Inflation')]",2
798,"[('Krieg', (), 'Angebot (Rest)'), ('Löhne', (), 'Inflation'), ('Krieg', (), 'Lieferkettenprobleme')]",2
799,"[('Krieg', (), 'Inflation')]",2
800,"[('Angebot (Rest)', (), 'Inflation')]",2
801,"[('Politisches Missmanagement', (), 'Inflation')]",2
804,"[('Angebot (Rest)', (), 'Inflation')]",2
805,"[('Krieg', (), 'Inflation'), ('Wohnraum', (), 'Inflation')]",2
806,"[('Preistreiberei', (), 'Inflation')]",2
807,"[('Löhne', (), 'Inflation'), ('Angebot (Rest)', (), 'Inflation')]",2
808,"[('Ökonomische Krise', (), 'Inflation'), ('Hohe Energiepreise', (), 'Inflation')]",2
809,"[('Ökonomische Krise', (), 'Inflation'), ('Krieg', (), 'Inflation'), ('Politisches Missmanagement', (), 'Inflation')]",2
810,"[('Lebensmittelpreise', (), 'Inflation'), ('Hohe Energiepreise', (), 'Inflation')]",2
812,"[('Löhne', (), 'Inflation'), ('Hohe Energiepreise', (), 'Inflation'), ('Politisches Missmanagement', (), 'Inflation')]",2
814,"[('Export', (), 'Angebot (Rest)'), ('Krieg', (), 'Geopolitik'), ('Angebot (Rest)', (), 'Inflation')]",2
815,"[('Lebensmittelpreise', (), 'Inflation'), ('Löhne', (), 'Inflation'), ('Hohe Energiepreise', (), 'Inflation')]",2
817,"[('Hohe Energiepreise', (), 'Inflation'), ('Politisches Missmanagement', (), 'Inflation')]",2
818,"[('Hohe Energiepreise', (), 'Inflation'), ('Krieg', (), 'Hohe Energiepreise'), ('Politisches Missmanagement', (), 'Inflation')]",2
819,"[('Krieg', (), 'Angebot (Rest)'), ('Preistreiberei', (), 'Inflation'), ('Ökonomische Krise', (), 'Lieferkettenprobleme'), ('Hohe Energiepreise', (), 'Inflation'), ('Lieferkettenprobleme', (), 'Inflation')]",2
820,"[('Löhne', (), 'Inflation'), ('Hohe Energiepreise', (), 'Inflation')]",2
821,"[('Krieg', (), 'Staatsausgaben'), ('Geopolitik', (), 'Inflation'), ('Krieg', (), 'Geopolitik')]",2
822,"[('Nachfrage (Rest)', (), 'Inflation'), ('Krieg', (), 'Nachfrage (Rest)')]",2
823,"[('Lebensmittelpreise', (), 'Inflation'), ('Preistreiberei', (), 'Lebensmittelpreise')]",2
825,"[('Ökonomische Krise', (), 'Inflation'), ('Pandemie', (), 'Ökonomische Krise'), ('Krieg', (), 'Ökonomische Krise')]",2
826,"[('Hohe Energiepreise', (), 'Angebot (Rest)'), ('Angebot (Rest)', (), 'Inflation')]",2
827,"[('Hohe Energiepreise', (), 'Inflation')]",2
830,"[('Pandemie', (), 'Inflation'), ('Krieg', (), 'Inflation'), ('Löhne', (), 'Inflation'), ('Angebot (Rest)', (), 'Inflation')]",2
831,"[('Hohe Energiepreise', (), 'Inflation')]",2
833,"[('Migration', (), 'Inflation')]",2
834,"[('Nachfrage (Rest)', (), 'Angebot (Rest)'), ('Krieg', (), 'Inflation'), ('Angebot (Rest)', (), 'Inflation')]",2
835,"[('Klimawandel', (), 'Inflation')]",2
837,"[('Krieg', (), 'Inflation')]",2
838,"[('Pandemie', (), 'Inflation'), ('Krieg', (), 'Inflation')]",2
839,"[('Krieg', (), 'Inflation')]",2
841,"[('Migration', (), 'Inflation'), ('Krieg', (), 'Inflation'), ('Angebot (Rest)', (), 'Inflation')]",2
842,"[('Ökonomische Krise', (), 'Inflation'), ('Pandemie', (), 'Inflation'), ('Krieg', (), 'Inflation')]",2
843,"[('Nachfrage (Rest)', (), 'Inflation')]",2
844,"[('Krieg', (), 'Staatsausgaben'), ('Staatsausgaben', (), 'Inflation')]",2
845,"[('Hohe Energiepreise', (), 'Inflation'), ('Arbeitskräftemangel', (), 'Inflation'), ('Geldpolitik', (), 'Inflation')]",2
846,"[('Pandemie', (), 'Inflation'), ('Politisches Missmanagement', (), 'Inflation')]",2
847,"[('Hohe Energiepreise', (), 'Inflation'), ('Krieg', (), 'Geopolitik')]",2
848,"[('Lebensmittelpreise', (), 'Inflation'), ('Preistreiberei', (), 'Lebensmittelpreise'), ('Krieg', (), 'Lieferkettenprobleme'), ('Hohe Energiepreise', (), 'Preistreiberei')]",2
849,"[('Pandemie', (), 'Inflation'), ('Krieg', (), 'Inflation'), ('Hohe Energiepreise', (), 'Inflation')]",2
850,"[('Hohe Energiepreise', (), 'Inflation')]",2
852,"[('Krieg', (), 'Inflation')]",2
853,"[('Hohe Energiepreise', (), 'Inflation'), ('Löhne', (), 'Inflation'), ('Preistreiberei', (), 'Inflation')]",2
854,"[('Klimawandel', (), 'Inflation'), ('Steuererhöhungen', (), 'Klimawandel')]",2
855,"[('Pandemie', (), 'Inflation'), ('Krieg', (), 'Inflation')]",2
856,"[('Migration', (), 'Inflation'), ('Krieg', (), 'Inflation')]",2
857,"[('Pandemie', (), 'Inflation'), ('Krieg', (), 'Inflation')]",2
859,"[('Migration', (), 'Inflation'), ('Wohnraum', (), 'Inflation'), ('Pandemie', (), 'Inflation'), ('Hohe Energiepreise', (), 'Inflation'), ('Lebensmittelpreise', (), 'Inflation'), ('Krieg', (), 'Lebensmittelpreise')]",2
860,"[('Pandemie', (), 'Inflation'), ('Krieg', (), 'Inflation')]",2
861,"[('Lieferkettenprobleme', (), 'Inflation'), ('Pandemie', (), 'Lieferkettenprobleme')]",2
862,"[('Krieg', (), 'Lieferkettenprobleme'), ('Lieferkettenprobleme', (), 'Hohe Energiepreise'), ('Hohe Energiepreise', (), 'Inflation')]",2
883,"[('Lieferkettenprobleme', (), 'Inflation')]",2
885,"[('Hohe Energiepreise', (), 'Inflation'), ('Krieg', (), 'Geopolitik')]",2
886,"[('Politisches Missmanagement', (), 'Hohe Energiepreise'), ('Hohe Energiepreise', (), 'Inflation'), ('Krieg', (), 'Hohe Energiepreise')]",2
894,"[('Angebot (Rest)', (), 'Inflation')]",2
898,"[('Krieg', (), 'Staatsausgaben'), ('Inflation', (), 'Nachfrage (Rest)')]",2
902,"[('Lebensmittelpreise', (), 'Inflation'), ('Hohe Energiepreise', (), 'Inflation'), ('Wohnraum', (), 'Inflation')]",2
910,"[('Klimawandel', (), 'Staatsausgaben'), ('Staatsausgaben', (), 'Inflation')]",2
912,"[('Hohe Energiepreise', (), 'Inflation'), ('Krieg', (), 'Geopolitik')]",2
913,"[('Hohe Energiepreise', (), 'Inflation')]",2
918,"[('Krieg', (), 'Lieferkettenprobleme'), ('Hohe Energiepreise', (), 'Inflation')]",2
920,"[('Staatsausgaben', (), 'Steuererhöhungen'), ('Migration', (), 'Staatsausgaben'), ('Steuererhöhungen', (), 'Inflation')]",2
930,"[('Angebot (Rest)', (), 'Inflation')]",2
931,"[('Ökonomische Krise', (), 'Inflation'), ('Pandemie', (), 'Ökonomische Krise')]",2
932,"[('Pandemie', (), 'Aufgestaute Nachfrage'), ('Pandemie', (), 'Lieferkettenprobleme'), ('Krieg', (), 'Lieferkettenprobleme'), ('Aufgestaute Nachfrage', (), 'Inflation')]",2
933,"[('Krieg', (), 'Migration')]",2
940,"[('Hohe Energiepreise', (), 'Inflation')]",2
941,"[('Löhne', (), 'Inflation')]",2
945,"[('Lebensmittelpreise', (), 'Inflation'), ('Klimawandel', (), 'Lebensmittelpreise')]",2
946,"[('Steuererhöhungen', (), 'Inflation'), ('Steuererhöhungen', (), 'Hohe Energiepreise'), ('Hohe Energiepreise', (), 'Inflation')]",2
953,"[('Pandemie', (), 'Nachfrage (Rest)')]",2
963,"[('Hohe Energiepreise', (), 'Inflation')]",2
976,"[('Hohe Energiepreise', (), 'Inflation'), ('Krieg', (), 'Hohe Energiepreise')]",2
978,"[('Politisches Missmanagement', (), 'Inflation')]",2
979,"[('Pandemie', (), 'Lieferkettenprobleme'), ('Krieg', (), 'Hohe Energiepreise'), ('Geldpolitik', (), 'Inflation')]",2
980,"[('Löhne', (), 'Inflation'), ('Hohe Energiepreise', (), 'Löhne'), ('Hohe Energiepreise', (), 'Inflation')]",2
983,"[('Politisches Missmanagement', (), 'Hohe Energiepreise'), ('Klimawandel', (), 'Politisches Missmanagement'), ('Politisches Missmanagement', (), 'Inflation')]",2
986,"[('Hohe Energiepreise', (), 'Inflation')]",2
987,"[('Krieg', (), 'Inflation')]",2
991,"[('Lieferkettenprobleme', (), 'Inflation'), ('Krieg', (), 'Lieferkettenprobleme')]",2
996,"[('Ökonomische Krise', (), 'Inflation'), ('Krieg', (), 'Lieferkettenprobleme')]",2
1004,"[('Löhne', (), 'Inflation'), ('Hohe Energiepreise', (), 'Inflation')]",2
1005,"[('Hohe Energiepreise', (), 'Inflation'), ('Krieg', (), 'Geopolitik'), ('Geopolitik', (), 'Hohe Energiepreise')]",2
